Equation_ID,Section_Code,Section,Local_ID,Equation,Meaning,Source,Status Note
EQ-001,NCG,NCG,1,"(A, H, D)",Connes spectral triple,MASTER EQUATION MATRIX,SOURCE-CODED; see closure/status layer
EQ-002,NCG,NCG,2,"S = Tr(f(D/Λ)) + <ψ,Dψ>",Spectral action + fermionic term,MASTER EQUATION MATRIX,SOURCE-CODED; see closure/status layer
EQ-003,NCG,NCG,3,D² = ∇*∇ + (1/4)R,Lichnerowicz relation,MASTER EQUATION MATRIX,SOURCE-CODED; see closure/status layer
EQ-004,NCG,NCG,4,Spec(D) = {λ_i},Dirac spectrum,MASTER EQUATION MATRIX,SOURCE-CODED; see closure/status layer
EQ-005,NCG,NCG,5,A = C∞(M) × A_F,Algebra,MASTER EQUATION MATRIX,SOURCE-CODED; see closure/status layer
EQ-006,NCG,NCG,6,"H = L²(M,S) × H_F",Hilbert space,MASTER EQUATION MATRIX,SOURCE-CODED; see closure/status layer
EQ-007,NCG,NCG,7,D = D_M × 1 + γ⁵ × D_F,Product Dirac operator,MASTER EQUATION MATRIX,SOURCE-CODED; see closure/status layer
EQ-008,NCG,NCG,8,D_A = D + A + JAJ⁻¹,Inner fluctuations,MASTER EQUATION MATRIX,SOURCE-CODED; see closure/status layer
EQ-009,NCG,NCG,9,"A = Σ_i a_i[D,b_i]",Gauge potential,MASTER EQUATION MATRIX,SOURCE-CODED; see closure/status layer
EQ-010,NCG,NCG,10,S_B = Tr(f(D_A/Λ)),Bosonic spectral action,MASTER EQUATION MATRIX,SOURCE-CODED; see closure/status layer
EQ-011,NCG,NCG,11,"S_F = <Jψ,D_Aψ>",Fermionic spectral action,MASTER EQUATION MATRIX,SOURCE-CODED; see closure/status layer
EQ-012,NCG,NCG,12,S = S_B + S_F,Full action,MASTER EQUATION MATRIX,SOURCE-CODED; see closure/status layer
EQ-013,NCG,NCG,13,Tr(f(D/Λ)) ~ Σ_{n≥0} f_n Λ^{4-n} a_n(D²),Seeley-DeWitt expansion,MASTER EQUATION MATRIX,SOURCE-CODED; see closure/status layer
EQ-014,NCG,NCG,14,f_n = ∫_0^∞ f(v)v^{n-1}dv,Moment definition,MASTER EQUATION MATRIX,SOURCE-CODED; see closure/status layer
EQ-015,NCG,NCG,15,"a_0,a_2,a_4,a_6,...",Heat-kernel coefficients,MASTER EQUATION MATRIX,SOURCE-CODED; see closure/status layer
EQ-016,NCG,NCG,16,Λ⁴a_0 + Λ²a_2 + a_4 + O(Λ⁻²),Expansion,MASTER EQUATION MATRIX,SOURCE-CODED; see closure/status layer
EQ-017,NCG,NCG,17,K(t)=Tr(exp(-tD²)),Heat kernel,MASTER EQUATION MATRIX,SOURCE-CODED; see closure/status layer
EQ-018,NCG,NCG,18,ζ_D(s)=Tr(D^{-s}),Zeta function,MASTER EQUATION MATRIX,SOURCE-CODED; see closure/status layer
EQ-019,NCG,NCG,19,S_ζ=ζ_D(0),Zeta action,MASTER EQUATION MATRIX,SOURCE-CODED; see closure/status layer
EQ-020,NCG,NCG,20,Index(D)=dim ker D - dim ker D†,Atiyah-Singer index,MASTER EQUATION MATRIX,SOURCE-CODED; see closure/status layer
EQ-021,NCG,NCG,21,J²=±1,Real structure,MASTER EQUATION MATRIX,SOURCE-CODED; see closure/status layer
EQ-022,NCG,NCG,22,JD=±DJ,Real structure,MASTER EQUATION MATRIX,SOURCE-CODED; see closure/status layer
EQ-023,NCG,NCG,23,Jγ=±γJ,Real structure,MASTER EQUATION MATRIX,SOURCE-CODED; see closure/status layer
EQ-024,NCG,NCG,24,γ²=1,Chirality,MASTER EQUATION MATRIX,SOURCE-CODED; see closure/status layer
EQ-025,NCG,NCG,25,"{γ,D}=0",Chirality,MASTER EQUATION MATRIX,SOURCE-CODED; see closure/status layer
EQ-026,NCG,NCG,26,A=C∞(M) × (C + H + M₃(C)),SM finite algebra,MASTER EQUATION MATRIX,SOURCE-CODED; see closure/status layer
EQ-027,NCG,NCG,27,SU(3) × SU(2) × U(1),Gauge group,MASTER EQUATION MATRIX,SOURCE-CODED; see closure/status layer
EQ-028,NCG,NCG,28,g₁=g₂=g₃,Unification condition,MASTER EQUATION MATRIX,SOURCE-CODED; see closure/status layer
EQ-029,NCG,NCG,29,m_H ~ 125 GeV,Higgs mass relation,MASTER EQUATION MATRIX,SOURCE-CODED; see closure/status layer
EQ-030,NCG,NCG,30,m_ν=m_Dᵀ M_R⁻¹ m_D,Seesaw relation,MASTER EQUATION MATRIX,SOURCE-CODED; see closure/status layer
EQ-031,NCG,NCG,31,"dist(x,y)=sup{|f(x)-f(y)|: ||[D,f]||≤1}",Connes distance,MASTER EQUATION MATRIX,SOURCE-CODED; see closure/status layer
EQ-032,NCG,NCG,32,"[D,a]",Commutator,MASTER EQUATION MATRIX,SOURCE-CODED; see closure/status layer
EQ-033,NCG,NCG,33,"[[D,a],b]=0",Order-one condition,MASTER EQUATION MATRIX,SOURCE-CODED; see closure/status layer
EQ-034,NCG,NCG,34,"[D,A]⊂B(H)",Boundedness,MASTER EQUATION MATRIX,SOURCE-CODED; see closure/status layer
EQ-035,NCG,NCG,35,D⁻¹,Propagator,MASTER EQUATION MATRIX,SOURCE-CODED; see closure/status layer
EQ-036,NCG,NCG,36,χ(D)=Tr(γ exp(-tD²)),Chiral trace,MASTER EQUATION MATRIX,SOURCE-CODED; see closure/status layer
EQ-037,SPEC,Spectral Graph,1,"G=(V,E)",Graph,MASTER EQUATION MATRIX,SOURCE-CODED; see closure/status layer
EQ-038,SPEC,Spectral Graph,2,L=D_deg-A,Graph Laplacian,MASTER EQUATION MATRIX,SOURCE-CODED; see closure/status layer
EQ-039,SPEC,Spectral Graph,3,Lφ=λφ,Eigenvalue equation,MASTER EQUATION MATRIX,SOURCE-CODED; see closure/status layer
EQ-040,SPEC,Spectral Graph,4,"Spec(L)={λ₁,λ₂,...,λ_n}",Spectrum,MASTER EQUATION MATRIX,SOURCE-CODED; see closure/status layer
EQ-041,SPEC,Spectral Graph,5,λ₀=0,Ground state,MASTER EQUATION MATRIX,SOURCE-CODED; see closure/status layer
EQ-042,SPEC,Spectral Graph,6,L1=0,Kernel,MASTER EQUATION MATRIX,SOURCE-CODED; see closure/status layer
EQ-043,SPEC,Spectral Graph,7,Σ_i λ_i=Tr(L),Trace,MASTER EQUATION MATRIX,SOURCE-CODED; see closure/status layer
EQ-044,SPEC,Spectral Graph,8,φ_iᵀLφ_j=λ_iδ_ij,Orthonormality,MASTER EQUATION MATRIX,SOURCE-CODED; see closure/status layer
EQ-045,SPEC,Spectral Graph,9,L=BBᵀ,Incidence factorization,MASTER EQUATION MATRIX,SOURCE-CODED; see closure/status layer
EQ-046,SPEC,Spectral Graph,10,L=UΛU⁻¹,Diagonalization,MASTER EQUATION MATRIX,SOURCE-CODED; see closure/status layer
EQ-047,SPEC,Spectral Graph,11,f(L)=Uf(Λ)U⁻¹,Functional calculus,MASTER EQUATION MATRIX,SOURCE-CODED; see closure/status layer
EQ-048,SPEC,Spectral Graph,12,Tr(f(L))=Σ_i f(λ_i),Spectral trace,MASTER EQUATION MATRIX,SOURCE-CODED; see closure/status layer
EQ-049,SPEC,Spectral Graph,13,Tr(exp(-tL)),Heat trace,MASTER EQUATION MATRIX,SOURCE-CODED; see closure/status layer
EQ-050,SPEC,Spectral Graph,14,exp(-tL)φ_i=exp(-tλ_i)φ_i,Heat semigroup,MASTER EQUATION MATRIX,SOURCE-CODED; see closure/status layer
EQ-051,SPEC,Spectral Graph,15,det(L+εI),Regularized determinant,MASTER EQUATION MATRIX,SOURCE-CODED; see closure/status layer
EQ-052,SPEC,Spectral Graph,16,Δ=d†d+dd†,Hodge Laplacian,MASTER EQUATION MATRIX,SOURCE-CODED; see closure/status layer
EQ-053,SPEC,Spectral Graph,17,D=d+δ,Dirac-Hodge,MASTER EQUATION MATRIX,SOURCE-CODED; see closure/status layer
EQ-054,SPEC,Spectral Graph,18,d²=0,Nilpotency,MASTER EQUATION MATRIX,SOURCE-CODED; see closure/status layer
EQ-055,SPEC,Spectral Graph,19,Ω^k(M)=Λ^k(T*M),k-forms,MASTER EQUATION MATRIX,SOURCE-CODED; see closure/status layer
EQ-056,SPEC,Spectral Graph,20,H^k(M)=ker d / im d,de Rham cohomology,MASTER EQUATION MATRIX,SOURCE-CODED; see closure/status layer
EQ-057,SPEC,Spectral Graph,21,Ω^k=H^k+im(d)+im(δ),Hodge decomposition,MASTER EQUATION MATRIX,SOURCE-CODED; see closure/status layer
EQ-058,SPEC,Spectral Graph,22,Spec(Δ)={μ_i},Hodge spectrum,MASTER EQUATION MATRIX,SOURCE-CODED; see closure/status layer
EQ-059,SPEC,Spectral Graph,23,Tr(exp(-tΔ)),Hodge heat trace,MASTER EQUATION MATRIX,SOURCE-CODED; see closure/status layer
EQ-060,SPEC,Spectral Graph,24,∇²=∇·∇,Scalar Laplacian,MASTER EQUATION MATRIX,SOURCE-CODED; see closure/status layer
EQ-061,SPEC,Spectral Graph,25,Δ_g=(1/√|g|)∂_i(√|g|g^{ij}∂_j),Riemannian Laplacian,MASTER EQUATION MATRIX,SOURCE-CODED; see closure/status layer
EQ-062,GEO,Emergent Geometry,1,"d(i,j)=√(Σ_k(φ_k(i)-φ_k(j))²/λ_k)",Diffusion distance,MASTER EQUATION MATRIX,SOURCE-CODED; see closure/status layer
EQ-063,GEO,Emergent Geometry,2,g_ab=Σ_k λ_k⁻¹ ∂_aφ_k ∂_bφ_k,Spectral metric,MASTER EQUATION MATRIX,SOURCE-CODED; see closure/status layer
EQ-064,GEO,Emergent Geometry,3,ds²=g_μν dx^μdx^ν,Line element,MASTER EQUATION MATRIX,SOURCE-CODED; see closure/status layer
EQ-065,GEO,Emergent Geometry,4,g_ab=-∂²S/∂y^a∂y^b,Hessian metric,MASTER EQUATION MATRIX,SOURCE-CODED; see closure/status layer
EQ-066,GEO,Emergent Geometry,5,"<φ,ψ>=∫_M φ*ψ dμ",Inner product,MASTER EQUATION MATRIX,SOURCE-CODED; see closure/status layer
EQ-067,GEO,Emergent Geometry,6,"||ψ||²=<ψ,ψ>",Norm,MASTER EQUATION MATRIX,SOURCE-CODED; see closure/status layer
EQ-068,GEO,Emergent Geometry,7,Tr(AB)=Tr(BA),Cyclicity,MASTER EQUATION MATRIX,SOURCE-CODED; see closure/status layer
EQ-069,GEO,Emergent Geometry,8,K(t)=Tr(exp(-tD²)),Heat kernel trace,MASTER EQUATION MATRIX,SOURCE-CODED; see closure/status layer
EQ-070,GEO,Emergent Geometry,9,(1/ε²)L_Gε→Δ_g as ε→0,Continuum limit,MASTER EQUATION MATRIX,SOURCE-CODED; see closure/status layer
EQ-071,GEO,Emergent Geometry,10,D_s=-2 lim_{t→0} d(ln P(t))/d(ln t),Spectral dimension,MASTER EQUATION MATRIX,SOURCE-CODED; see closure/status layer
EQ-072,GEO,Emergent Geometry,11,∇_μV^ν=∂_μV^ν+Γ^ν_{μλ}V^λ,Covariant derivative,MASTER EQUATION MATRIX,SOURCE-CODED; see closure/status layer
EQ-073,GEO,Emergent Geometry,12,∇_ag_bc=0,Metric compatibility,MASTER EQUATION MATRIX,SOURCE-CODED; see closure/status layer
EQ-074,GEO,Emergent Geometry,13,∇_μT^{μν}=0,Conservation,MASTER EQUATION MATRIX,SOURCE-CODED; see closure/status layer
EQ-075,GEO,Emergent Geometry,14,□=g^{μν}∇_μ∇_ν,D'Alembertian,MASTER EQUATION MATRIX,SOURCE-CODED; see closure/status layer
EQ-076,PERS,Persistence,1,C_Π[y]=∫(g_ab y'_a y'_b+2I_F)dt,Persistence cost functional,MASTER EQUATION MATRIX,SOURCE-CODED; see closure/status layer
EQ-077,PERS,Persistence,2,I_F=∫|ψ|²|∇_x ln(|ψ|²/ρ)|²dx,Fisher cost,MASTER EQUATION MATRIX,SOURCE-CODED; see closure/status layer
EQ-078,PERS,Persistence,3,δC_Π=0,Variational principle,MASTER EQUATION MATRIX,SOURCE-CODED; see closure/status layer
EQ-079,PERS,Persistence,4,d/dt(∂L/∂y'_a)-∂L/∂y_a=0,Euler-Lagrange,MASTER EQUATION MATRIX,SOURCE-CODED; see closure/status layer
EQ-080,PERS,Persistence,5,δS=0,Action principle,MASTER EQUATION MATRIX,SOURCE-CODED; see closure/status layer
EQ-081,PERS,Persistence,6,S=∫Ldt,Action,MASTER EQUATION MATRIX,SOURCE-CODED; see closure/status layer
EQ-082,PERS,Persistence,7,y''_c+Γ^c_ab y'_a y'_b=-g^{ca}∇_aI_F,Universal persistence field equation,MASTER EQUATION MATRIX,SOURCE-CODED; see closure/status layer
EQ-083,PERS,Persistence,8,y''_c+Γ^c_ab y'_a y'_b=0,GR/geodesic zero-loss limit,MASTER EQUATION MATRIX,SOURCE-CODED; see closure/status layer
EQ-084,PERS,Persistence,9,Dy'_a/dt=g^{ab}∇_bI_F,Covariant form,MASTER EQUATION MATRIX,SOURCE-CODED; see closure/status layer
EQ-085,PERS,Persistence,10,D/dt=y'_a∇_a,Material derivative,MASTER EQUATION MATRIX,SOURCE-CODED; see closure/status layer
EQ-086,PERS,Persistence,11,∇_aI_F=∂I_F/∂y^a,Gradient,MASTER EQUATION MATRIX,SOURCE-CODED; see closure/status layer
EQ-087,PERS,Persistence,12,δΓ=0,Organizational action stationarity,MASTER EQUATION MATRIX,SOURCE-CODED; see closure/status layer
EQ-088,PERS,Persistence,13,"Γ[Σ]=Φ(g,Δ,T)",Organizational action,MASTER EQUATION MATRIX,SOURCE-CODED; see closure/status layer
EQ-089,CURV,Curvature,1,Γ^c_ab=(1/2)g^{cd}(∂_ag_bd+∂_bg_ad-∂_dg_ab),Christoffel symbols,MASTER EQUATION MATRIX,SOURCE-CODED; see closure/status layer
EQ-090,CURV,Curvature,2,R^a_bcd=∂_cΓ^a_bd-∂_dΓ^a_bc+Γ^a_ceΓ^e_bd-Γ^a_deΓ^e_bc,Riemann tensor,MASTER EQUATION MATRIX,SOURCE-CODED; see closure/status layer
EQ-091,CURV,Curvature,3,R_ab=R^c_acb,Ricci tensor,MASTER EQUATION MATRIX,SOURCE-CODED; see closure/status layer
EQ-092,CURV,Curvature,4,R=g^{ab}R_ab,Ricci scalar,MASTER EQUATION MATRIX,SOURCE-CODED; see closure/status layer
EQ-093,CURV,Curvature,5,G_ab=R_ab-(1/2)Rg_ab,Einstein tensor,MASTER EQUATION MATRIX,SOURCE-CODED; see closure/status layer
EQ-094,CURV,Curvature,6,G_μν+Λg_μν=8πG T_μν,Einstein equations as recorded,MASTER EQUATION MATRIX,SOURCE-CODED; see closure/status layer
EQ-095,CURV,Curvature,7,R_abcdR^abcd,Kretschmann scalar,MASTER EQUATION MATRIX,SOURCE-CODED; see closure/status layer
EQ-096,CURV,Curvature,8,R_abR^ab,Ricci squared,MASTER EQUATION MATRIX,SOURCE-CODED; see closure/status layer
EQ-097,CURV,Curvature,9,R²,Ricci scalar squared,MASTER EQUATION MATRIX,SOURCE-CODED; see closure/status layer
EQ-098,CURV,Curvature,10,C_abcdC^abcd,Weyl squared,MASTER EQUATION MATRIX,SOURCE-CODED; see closure/status layer
EQ-099,CURV,Curvature,11,∫_M R√|g|d⁴x,Einstein-Hilbert action,MASTER EQUATION MATRIX,SOURCE-CODED; see closure/status layer
EQ-100,CURV,Curvature,12,√|g|=√|det(g_μν)|,Volume element,MASTER EQUATION MATRIX,SOURCE-CODED; see closure/status layer
EQ-101,PHYS,Classical Physics,1,∂ρ/∂t+∇·(ρv)=0,Continuity,MASTER EQUATION MATRIX,SOURCE-CODED; see closure/status layer
EQ-102,PHYS,Classical Physics,2,∂φ/∂t=D∇²φ,Diffusion,MASTER EQUATION MATRIX,SOURCE-CODED; see closure/status layer
EQ-103,PHYS,Classical Physics,3,∂φ/∂t=D∇²φ+R(φ),Reaction-diffusion,MASTER EQUATION MATRIX,SOURCE-CODED; see closure/status layer
EQ-104,PHYS,Classical Physics,4,ρ(∂u/∂t+u·∇u)=-∇p+μ∇²u+f,Navier-Stokes,MASTER EQUATION MATRIX,SOURCE-CODED; see closure/status layer
EQ-105,PHYS,Classical Physics,5,∇·E=ρ/ε₀,Gauss electric,MASTER EQUATION MATRIX,SOURCE-CODED; see closure/status layer
EQ-106,PHYS,Classical Physics,6,∇·B=0,Gauss magnetic,MASTER EQUATION MATRIX,SOURCE-CODED; see closure/status layer
EQ-107,PHYS,Classical Physics,7,∇×E=-∂B/∂t,Faraday,MASTER EQUATION MATRIX,SOURCE-CODED; see closure/status layer
EQ-108,PHYS,Classical Physics,8,∇×B=μ₀J+μ₀ε₀∂E/∂t,Ampere-Maxwell,MASTER EQUATION MATRIX,SOURCE-CODED; see closure/status layer
EQ-109,PHYS,Classical Physics,9,∇p,Pressure gradient,MASTER EQUATION MATRIX,SOURCE-CODED; see closure/status layer
EQ-110,PHYS,Classical Physics,10,∇T,Temperature gradient,MASTER EQUATION MATRIX,SOURCE-CODED; see closure/status layer
EQ-111,PHYS,Classical Physics,11,∇μ,Chemical gradient,MASTER EQUATION MATRIX,SOURCE-CODED; see closure/status layer
EQ-112,PHYS,Classical Physics,12,∇φ,Field gradient,MASTER EQUATION MATRIX,SOURCE-CODED; see closure/status layer
EQ-113,PHYS,Classical Physics,13,D[Ω]=∇Ω,Distinction operator,MASTER EQUATION MATRIX,SOURCE-CODED; see closure/status layer
EQ-114,QM_TD,QM / Thermodynamics,1,iℏ∂ψ/∂t=Ĥψ,Schrödinger,MASTER EQUATION MATRIX,SOURCE-CODED; see closure/status layer
EQ-115,QM_TD,QM / Thermodynamics,2,Ĥψ=Eψ,Energy eigenvalue,MASTER EQUATION MATRIX,SOURCE-CODED; see closure/status layer
EQ-116,QM_TD,QM / Thermodynamics,3,S=k_B ln W,Boltzmann entropy,MASTER EQUATION MATRIX,SOURCE-CODED; see closure/status layer
EQ-117,QM_TD,QM / Thermodynamics,4,dS=δQ/T,Clausius,MASTER EQUATION MATRIX,SOURCE-CODED; see closure/status layer
EQ-118,QM_TD,QM / Thermodynamics,5,F=U-TS,Helmholtz free energy,MASTER EQUATION MATRIX,SOURCE-CODED; see closure/status layer
EQ-119,QM_TD,QM / Thermodynamics,6,ΔG=ΔH-TΔS,Gibbs free energy,MASTER EQUATION MATRIX,SOURCE-CODED; see closure/status layer
EQ-120,QM_TD,QM / Thermodynamics,7,Z=Tr(exp(-βL)),Partition function,MASTER EQUATION MATRIX,SOURCE-CODED; see closure/status layer
EQ-121,QM_TD,QM / Thermodynamics,8,F=-k_BT ln Z,Free energy from Z,MASTER EQUATION MATRIX,SOURCE-CODED; see closure/status layer
EQ-122,QM_TD,QM / Thermodynamics,9,S=-dF/dT,Entropy from F,MASTER EQUATION MATRIX,SOURCE-CODED; see closure/status layer
EQ-123,QM_TD,QM / Thermodynamics,10,A=-ln Z,Spectral action as recorded,MASTER EQUATION MATRIX,SOURCE-CODED; see closure/status layer
EQ-124,LAG,Lagrangian / Hamiltonian,1,δS=0,Stationary action,MASTER EQUATION MATRIX,SOURCE-CODED; see closure/status layer
EQ-125,LAG,Lagrangian / Hamiltonian,2,S=∫Ldt,Action,MASTER EQUATION MATRIX,SOURCE-CODED; see closure/status layer
EQ-126,LAG,Lagrangian / Hamiltonian,3,L=T-V,Lagrangian,MASTER EQUATION MATRIX,SOURCE-CODED; see closure/status layer
EQ-127,LAG,Lagrangian / Hamiltonian,4,q̇_i=∂H/∂p_i,Hamilton equation 1,MASTER EQUATION MATRIX,SOURCE-CODED; see closure/status layer
EQ-128,LAG,Lagrangian / Hamiltonian,5,ṗ_i=-∂H/∂q_i,Hamilton equation 2,MASTER EQUATION MATRIX,SOURCE-CODED; see closure/status layer
EQ-129,LAG,Lagrangian / Hamiltonian,6,"H(q,p)=T+V",Hamiltonian,MASTER EQUATION MATRIX,SOURCE-CODED; see closure/status layer
EQ-130,LAG,Lagrangian / Hamiltonian,7,"{f,g}=Σ_i(∂f/∂q_i ∂g/∂p_i-∂f/∂p_i ∂g/∂q_i)",Poisson bracket,MASTER EQUATION MATRIX,SOURCE-CODED; see closure/status layer
EQ-131,LAG,Lagrangian / Hamiltonian,8,"dH/dt={H,H}+∂H/∂t=∂H/∂t",Energy conservation relation,MASTER EQUATION MATRIX,SOURCE-CODED; see closure/status layer
EQ-132,DYN,Organizational Dynamics,1,Σ_{n+1}=U_α(Σ_n),Evolution operator,MASTER EQUATION MATRIX,SOURCE-CODED; see closure/status layer
EQ-133,DYN,Organizational Dynamics,2,U_α=P_{C(α)}[T_α(B_n)],Operator form,MASTER EQUATION MATRIX,SOURCE-CODED; see closure/status layer
EQ-134,DYN,Organizational Dynamics,3,Σ*(α)=lim_{n→∞}U_α^n(Σ_0),Attractor,MASTER EQUATION MATRIX,SOURCE-CODED; see closure/status layer
EQ-135,DYN,Organizational Dynamics,4,Ψ_{t+1}=C(T(DΨ_t)),DTC iteration,MASTER EQUATION MATRIX,SOURCE-CODED; see closure/status layer
EQ-136,DYN,Organizational Dynamics,5,Γ=C∘T∘D,DTC composition,MASTER EQUATION MATRIX,SOURCE-CODED; see closure/status layer
EQ-137,DYN,Organizational Dynamics,6,"Ω=(Σ,Π)",Organizational state,MASTER EQUATION MATRIX,SOURCE-CODED; see closure/status layer
EQ-138,DYN,Organizational Dynamics,7,α=Φ_in/Φ_decay,Control parameter,MASTER EQUATION MATRIX,SOURCE-CODED; see closure/status layer
EQ-139,DYN,Organizational Dynamics,8,α<α_-⇒Σ_chaos,Fragmentation,MASTER EQUATION MATRIX,SOURCE-CODED; see closure/status layer
EQ-140,DYN,Organizational Dynamics,9,α_-≤α≤α_+⇒Σ_persistent,Persistence,MASTER EQUATION MATRIX,SOURCE-CODED; see closure/status layer
EQ-141,DYN,Organizational Dynamics,10,α>α_+⇒Σ_equilibrium,Frozen equilibrium,MASTER EQUATION MATRIX,SOURCE-CODED; see closure/status layer
EQ-142,DYN,Organizational Dynamics,11,dI/dτ=0,Persistence condition 1,MASTER EQUATION MATRIX,SOURCE-CODED; see closure/status layer
EQ-143,DYN,Organizational Dynamics,12,Tr(ρLρ)>0,Persistence condition 2,MASTER EQUATION MATRIX,SOURCE-CODED; see closure/status layer
EQ-144,DYN,Organizational Dynamics,13,Φ_boundary=∫J_μn^μdS≠0,Persistence condition 3,MASTER EQUATION MATRIX,SOURCE-CODED; see closure/status layer
EQ-145,DYN,Organizational Dynamics,14,dΩ/dt+∇·J_Ω=Σ_Ω,Organizational continuity,MASTER EQUATION MATRIX,SOURCE-CODED; see closure/status layer
EQ-146,DYN,Organizational Dynamics,15,dΩ/dt=-∇·J+D∇²Ω+R(Ω)+C(Ω)+I(Ω),Full organizational dynamics,MASTER EQUATION MATRIX,SOURCE-CODED; see closure/status layer
EQ-147,ROG,Recursive Organizational Grammar,1,"∀X,Y∈G*: X∘Y∈G*",Closure axiom,MASTER EQUATION MATRIX,SOURCE-CODED; see closure/status layer
EQ-148,ROG,Recursive Organizational Grammar,2,"G={Δ,τ,κ} is irreducible",Minimality axiom,MASTER EQUATION MATRIX,SOURCE-CODED; see closure/status layer
EQ-149,ROG,Recursive Organizational Grammar,3,"∀O, ∃C: C(O)∈G*",Completeness axiom,MASTER EQUATION MATRIX,SOURCE-CODED; see closure/status layer
EQ-150,ROG,Recursive Organizational Grammar,4,"(Δ,τ,¬κ)⇒¬Π",Consistency axiom,MASTER EQUATION MATRIX,SOURCE-CODED; see closure/status layer
EQ-151,ROG,Recursive Organizational Grammar,5,"∀O, ∃! minimal C(O)∈G*",Canonical form axiom,MASTER EQUATION MATRIX,SOURCE-CODED; see closure/status layer
EQ-152,ROG,Recursive Organizational Grammar,6,Π⇒Δ',Recursive generativity,MASTER EQUATION MATRIX,SOURCE-CODED; see closure/status layer
EQ-153,ROG,Recursive Organizational Grammar,7,"(Δ,τ,κ)→Π",Persistence theorem,MASTER EQUATION MATRIX,SOURCE-CODED; see closure/status layer
EQ-154,ROG,Recursive Organizational Grammar,8,"Π→Δ'→(Δ',τ',κ')→Π'",Generativity chain,MASTER EQUATION MATRIX,SOURCE-CODED; see closure/status layer
EQ-155,MC,Master Cascade,1,"(A,H,D)",Input,MASTER EQUATION MATRIX,SOURCE-CODED; see closure/status layer
EQ-156,MC,Master Cascade,2,"(A,H,D)→Spec(D)",Step 1,MASTER EQUATION MATRIX,SOURCE-CODED; see closure/status layer
EQ-157,MC,Master Cascade,3,Spec(D)→L=D_deg-A,Step 2,MASTER EQUATION MATRIX,SOURCE-CODED; see closure/status layer
EQ-158,MC,Master Cascade,4,"L→Spec(L)={λ_i,φ_i}",Step 3,MASTER EQUATION MATRIX,SOURCE-CODED; see closure/status layer
EQ-159,MC,Master Cascade,5,Spec(L)→K_t=exp(-tL),Step 4,MASTER EQUATION MATRIX,SOURCE-CODED; see closure/status layer
EQ-160,MC,Master Cascade,6,K_t→K(t)~Σa_nt^{(n-m)/2},Step 5,MASTER EQUATION MATRIX,SOURCE-CODED; see closure/status layer
EQ-161,MC,Master Cascade,7,"Spec(L)→d(i,j)=√(Σ_k(φ_k(i)-φ_k(j))²/λ_k)",Step 6,MASTER EQUATION MATRIX,SOURCE-CODED; see closure/status layer
EQ-162,MC,Master Cascade,8,"d(i,j)→g_ab=Σ_k λ_k⁻¹∂_aφ_k∂_bφ_k",Step 7,MASTER EQUATION MATRIX,SOURCE-CODED; see closure/status layer
EQ-163,MC,Master Cascade,9,g_ab→Γ^c_ab,Step 8,MASTER EQUATION MATRIX,SOURCE-CODED; see closure/status layer
EQ-164,MC,Master Cascade,10,Γ→R^a_bcd→R_ab→G_ab,Step 9,MASTER EQUATION MATRIX,SOURCE-CODED; see closure/status layer
EQ-165,MC,Master Cascade,11,G_ab→G_μν+Λg_μν=8πGT_μν,Step 10,MASTER EQUATION MATRIX,SOURCE-CODED; see closure/status layer
EQ-166,MC,Master Cascade,12,"S=Tr(f(D/Λ))+<ψ,Dψ>",Step 11,MASTER EQUATION MATRIX,SOURCE-CODED; see closure/status layer
EQ-167,MC,Master Cascade,13,δS=0,Step 12,MASTER EQUATION MATRIX,SOURCE-CODED; see closure/status layer
EQ-168,MC,Master Cascade,14,C_Π[y]=∫(g_ab y'_a y'_b+2I_F)dt,Step 13,MASTER EQUATION MATRIX,SOURCE-CODED; see closure/status layer
EQ-169,MC,Master Cascade,15,δC_Π=0→y''_c+Γ^c_ab y'_ay'_b=-g^{ca}∇_aI_F,Step 14,MASTER EQUATION MATRIX,SOURCE-CODED; see closure/status layer
EQ-170,MC,Master Cascade,16,I_F=0→y''_c+Γ^c_ab y'_ay'_b=0,Step 15,MASTER EQUATION MATRIX,SOURCE-CODED; see closure/status layer
EQ-171,MC,Master Cascade,17,R=exp(-βL)→Z=Tr(exp(-βL))→F=-k_BTlnZ,Step 16,MASTER EQUATION MATRIX,SOURCE-CODED; see closure/status layer
EQ-172,MC,Master Cascade,18,α=Φ_in/Φ_decay→U_α,Step 17,MASTER EQUATION MATRIX,SOURCE-CODED; see closure/status layer
EQ-173,MC,Master Cascade,19,"lim U_α^n(Σ_0)→{Σ_chaos,Σ_persistent,Σ_equilibrium}",Step 18,MASTER EQUATION MATRIX,SOURCE-CODED; see closure/status layer
EQ-174,MC,Master Cascade,20,"Γ=C∘T∘D, Π→Δ'",Step 19,MASTER EQUATION MATRIX,SOURCE-CODED; see closure/status layer
EQ-PRF-PRIM-001,C0,C0,1,L = Inc * Inc^T,Graph Laplacian as Gram matrix of the discrete gradient (incidence operator),"EXT-001 (Godsil & Royle, Algebraic Graph Theory Ch.13)",PROVEN + verified exact on 9/9 families in PRF-PRIM-EXEC-2026-08-17
EQ-PRF-PRIM-002,C0,C0,2,det(exp(-tL)) = exp(-t*trace(L)) = exp(-2t|E|),Determinant of the diffusion semigroup -- shows exp(-tL) is NOT volume-preserving for any graph with an edge,PRF-PRIM-EXEC-2026-08-17 (derived while testing tau candidate realizations),PROVEN + verified exact on 9/9 families; falsifies tau=exp(-tL) under PRIM-G-002's Liouville-condition definition
