UOC / SEIT — Open Closure Master,
All unresolved closure obligations + external ToE completeness benchmark + recommended calculations,
Field,Value
Workbook,UOC_ToE_Open_Closure_Master_v1.0.xlsx
Purpose,"Master closure program for a calculated, full UOC-aligned Theory of Everything target."
Scope,"Everything that remains open, partial, conditional, proposed, version-sensitive, or not yet explicitly addressed."
Canonical topology,Kernel → shared mathematical substrate → spectral/geometry/variational/gauge/quantum/thermodynamic/cosmology/biology branches → compiler → validation/falsification.
ARBS governance,ARBS is LEGACY ONLY. It is not canonical. Preserve non-ARBS results; re-derive ARBS-dependent results in TDIC/UOC/MDCL.
Status semantics,DERIVATION STATUS ≠ CLOSURE STATUS ≠ REGISTRY STATUS.
Evidence policy,"Source-derived items, web-researched benchmark items, and proposed compiler calculations are explicitly labeled."
ToE benchmark,"The physics core must reproduce quantum theory/QFT/SM and GR, provide a consistent quantum-gravity/UV completion, explain or predict remaining empirical sectors, and make falsifiable predictions."
Extended UOC criterion,"The organizational/compiler layer must have a well-defined normal form, executable semantics, dependency closure, and cross-domain validation."
