ID,SOURCE,ORIGINAL_SYMBOL,MATHEMATICAL_OBJECT,DEFINITION,DIMENSION,TYPE,DOMAIN,ASSUMPTIONS,EQUATIONS,DEPENDENCIES,PROOF_EVIDENCE,STATUS,SOURCE_LOCATION
OBJ-001,SOURCE-004,"G=(V,E)",Finite simple graph,"A finite set of vertices V and an edge set E subset of unordered pairs of V; no metric, orientation, or background geometry assumed.",|V|=N (finite),graph object / combinatorial structure,discrete combinatorics,"Finite, no self-loops assumed in the tested benchmark family",N/A (set-theoretic object),None (foundational),Standard graph theory; used throughout DER-SPC-001 and PRF-PRIM benchmark family (9 graphs),ADMITTED,registries/MASTER_DER_REGISTRY.csv (DER-SPC-001); graphs/C0/PRF-PRIM/graph_families.json
OBJ-002,SOURCE-004,"B=(U,V,E)",Bipartite graph,"A graph with vertex set partitioned into disjoint U, V and edges only between U and V (E subset U x V); Abelian group structure imposed on vertex sets, no metric.",|U|+|V|=N,graph object,discrete combinatorics,"Abelian bipartite structure (asserted in source, not independently derived)",N/A,"None (foundational, per source)","PRF-PRIM found ZERO tested computational link between this object and the rest of the corpus's downstream pipeline (DER-SPC-001 uses a plain graph G, not B)",ADMITTED (isolated -- no downstream use found),registries/MASTER_PRIMITIVE_REGISTRY.csv PRIM-C-001; falsification/C0/PRF-PRIM/FALSIFICATION_RECORDS.md
OBJ-003,SOURCE-004 / PRF-PRIM,"A, D (adjacency/degree)","Adjacency matrix, degree matrix","A_ij=1 iff (i,j) in E else 0 (symmetric for undirected graphs); D=diag(deg(1),...,deg(N)).",N x N,matrix / linear operator (finite-dim),linear algebra,Finite graph,D_ii = sum_j A_ij,OBJ-001,Computed exactly for 9 benchmark families (calculations/C0/PRF-PRIM/01_graph_families.py),CALCULATED,graphs/C0/PRF-PRIM/graph_families.json
OBJ-004,"PRF-PRIM (this repo, EXT-001 admitted external)",Inc,Oriented incidence matrix / discrete exterior derivative (0-cochains to 1-cochains),"N x M matrix (M=|E|); column for edge (u,v) has +1 at row u, -1 at row v (arbitrary fixed orientation). Equivalently the discrete gradient operator Inc^T: R^N -> R^M.",N x M,"linear operator (rectangular, not generally invertible)",algebraic/spectral graph theory,"Finite graph, fixed edge orientation (result independent of orientation choice)","L = Inc . Inc^T (proven, standard theorem)",OBJ-001,Proven exactly (sympy integer arithmetic) on 9/9 benchmark families,CALCULATED,proofs/C0/PRF-PRIM/LEMMA_L_equals_incidence_incidence_transpose.md
OBJ-005,SOURCE-004,L=D-A,Graph Laplacian,"Positive semi-definite, self-adjoint linear operator L=D-A on R^N (equivalently on l^2(V)).","N x N, real symmetric","operator (self-adjoint, PSD)",spectral graph theory / functional analysis,Finite graph,L=D-A=Inc.Inc^T; L x=0 iff x constant on each connected component,"OBJ-003, OBJ-004",Computed and eigen-decomposed exactly/numerically for 9 benchmark families; rank(L)=N-#components verified 9/9,CALCULATED,registries/MASTER_DER_REGISTRY.csv (DER-SPC-002); calculations/C0/PRF-PRIM/output/laplacian_results.json
OBJ-006,SOURCE-004,"Spec(L)={lambda_n, phi_n}",Spectral decomposition (eigenvalue/eigenvector pairs) of a self-adjoint operator,"By the spectral theorem, L = sum_n lambda_n E_n with E_n orthogonal projectors onto eigenspaces; lambda_n real, E_n mutually orthogonal, sum E_n = I.",N eigenvalues (with multiplicity) for a finite graph,spectrum (set of eigenvalue/eigenspace pairs),functional analysis,L self-adjoint (guaranteed for real graph Laplacians),L v = lambda v,OBJ-005,"Independently reproduced exactly for K4 (Spec={0,4,4,4}) and K3,3 (Spec={0,3,3,3,3,6}) matching the corpus's own COSMO-BRIDGE-003/004/005 claims; extended to 7 more families",CALCULATED,calculations/C0/PRF-PRIM/output/K4_K33_exact_symbolic.txt
OBJ-007,SOURCE-004,K_t = exp(-tL)  (also written R=exp(-beta L)),One-parameter strongly-continuous self-adjoint contraction semigroup (heat semigroup),"K_t = sum_n e^{-t lambda_n} E_n; satisfies K_0=I, K_s K_t = K_{s+t}, d K_t/dt = -L K_t. NOT a group (not invertible for t>0 unless L=0) and NOT unitary/orthogonal in general.","N x N operator, parametrized by t in [0,infinity)",operator semigroup (self-adjoint contraction),functional analysis / semigroup theory,"L self-adjoint, bounded below (true for finite graphs)",K_t = exp(-tL); det(K_t) = exp(-t . trace(L)) = exp(-2t|E|),"OBJ-005, OBJ-006","det(K_t)->0 as t->infinity for any graph with >=1 edge, PROVEN and verified exactly on 9/9 families -- this operator is NOT volume-preserving (NOT an element of any orthogonal/symplectic group)",CALCULATED,derivations/C0/PRF-PRIM/04_tau_liouville_and_kappa_commutation.py
OBJ-008,SOURCE-004 / PRF-PRIM,"P_ker(L)  (project's 'kappa', 'Pi')",Orthogonal spectral projector onto the null space (kernel) of a self-adjoint operator,"P_ker(L) = lim_{t->infinity} exp(-tL); idempotent (P^2=P), self-adjoint; image = ker(L) = {x : Lx=0} = functions constant on each connected component.","N x N, rank = dim ker(L) = #connected components",operator (orthogonal projector),functional analysis,L self-adjoint PSD,P_ker(L)^2 = P_ker(L); lim_{t->inf} exp(-tL) = P_ker(L),"OBJ-005, OBJ-006, OBJ-007",Idempotency verified to machine precision (max error 5.6e-17) on 9/9 families; limit convergence verified to ~1e-14 on 9/9 families,CALCULATED,calculations/C0/PRF-PRIM/output/laplacian_results.json
OBJ-009,"PRF-PRIM (proven, general)",Aut(G)  (candidate 'tau'),"Graph automorphism group, represented as permutation matrices",{P permutation matrix : P A P^T = A}; every element satisfies det(P)=+-1 (orthogonal group element).,"N x N permutation matrices, |Aut(G)| finite","group (finite, represented as orthogonal matrices)",group theory / algebraic graph theory,Finite graph,"P A P^T = A, P D P^T = D => P L P^T = L => P commutes with every spectral projector of L (proven, general argument)","OBJ-001, OBJ-003","General proof (4 steps) + verified 9/9 families, max commutation error 3.9e-16",CALCULATED,proofs/C0/PRF-PRIM/LEMMA_automorphism_commutes_with_spectral_projector.md
OBJ-010,SOURCE-004 (NCG equation set),"D = sqrt(L)  or  D_G=[[0,B],[B^T,0]]",First-order self-adjoint operator (candidate discrete Dirac operator),"Square root of the Laplacian, or an incidence-based block operator with zero diagonal blocks and off-diagonal incidence-type blocks B.",N x N (or 2N x 2N block form),"operator (self-adjoint, first-order)",noncommutative geometry / spectral triples,L PSD (for sqrt to be real); block form requires an explicit choice of B (source registers 'naive midpoint' and 'naive J=K first-order route' as REJECTED per ATT-010),"D^2 = L (if D=sqrt(L)); D^2 = grad*grad + (1/4)R (Lichnerowicz relation, continuum analogue, EQ-003 in corpus)",OBJ-005,"Corpus's own H-004 audit (ATT-010, SOURCE-010) explicitly REJECTS the naive midpoint and naive first-order routes; H-003 (source-registered) proposes the incidence block form as the 'canonical candidate' -- NOT independently verified in this repository",CANDIDATE (source itself flags partial rejection of naive versions),registries/MASTER_EQUATION_REGISTRY.csv EQ-002/EQ-003; source_records/spreadsheets/UOC_ToE_Open_Closure_Master_v1.0/19_PAST_ATTEMPTS_RECOMMENDATIONS.csv ATT-009/010
OBJ-011,SOURCE-004,g_ab  (spectral metric),"Symmetric positive-definite (0,2) tensor (candidate Riemannian metric)","Claimed to be recovered from Spec(L) via a diffusion-distance / heat-kernel construction (d(i,j) from K_t); explicit continuum-limit construction not independently re-verified in this repository.",d x d at each point of the limiting continuum manifold,tensor field,Riemannian geometry,"A continuum limit of the graph family exists (scoped, not universal per corpus's own C2/C3 status)","L_N/h_N^2 -> -Delta_g (claimed continuum limit); d(i,j) diffusion distance from K_t","OBJ-005, OBJ-006, OBJ-007","ADMITTED from source; not independently re-derived in this repository (PRF-PRIM tested the discrete/algebraic layer, not the continuum limit)","ADMITTED (CALCULATED per source, scoped)",registries/MASTER_DER_REGISTRY.csv DER-GEO-001; registries/MASTER_COSMO_DYN_RESULTS.csv
OBJ-012,SOURCE-004,"Gamma^c_ab, R^rho_sig_ab, R_ab, R, G_ab","Levi-Civita connection, Riemann tensor, Ricci tensor, Ricci scalar, Einstein tensor","Standard differential-geometric objects built from g_ab by the usual formulas (torsion-free metric-compatible connection, curvature tensors as its derivatives/contractions).","Connection: (1,2) tensor; Riemann: (1,3); Ricci: (0,2); scalar: (0,0); Einstein: (0,2)",tensor fields (standard differential geometry),differential geometry / general relativity,g_ab exists and is smooth (i.e. OBJ-011's continuum limit holds),Standard formulas (Christoffel symbols from partial_g; Riemann from Christoffel; Ricci=trace(Riemann); G_ab=R_ab-(1/2)R g_ab),OBJ-011,"Standard mathematics (not UOC-original); their construction FROM g_ab is admitted from source, not independently re-verified here",ADMITTED,registries/MASTER_DER_REGISTRY.csv DER-GEO-002..006
OBJ-013,PRF-PRIM (this repo),d(dOmega)=0  (candidate 'Delta'),Simplicial/chain-complex boundary operator satisfying d^2=0,"For a simplicial complex with chain groups C_k, boundary maps d_k: C_k -> C_{k-1} satisfying d_{k-1} o d_k = 0. Verified concretely for a tetrahedron complex (4 vertices, 6 edges, 4 faces): d1: C1(dim 6)->C0(dim 4), d2: C2(dim 4)->C1(dim 6), d1.d2=0 exactly.",Domain and codomain generally DIFFERENT dimensions (e.g. 6 and 4 for the tested complex),linear map between different graded vector spaces (NOT an endomorphism),algebraic topology / homological algebra,A simplicial complex structure exists,d_{k-1} . d_k = 0,A chosen simplicial complex (e.g. built on OBJ-001),Verified exactly (integer arithmetic) on the K4-tetrahedron complex; ALSO proven that this object is TYPE-INCOMPATIBLE with being an endomorphism of a single state space X (required for the composed recursion Psi_(t+1)=kappa(tau(Delta(Psi_t))) to type-check),"CALCULATED (its own defining property holds); TYPE MISMATCH FALSIFIED against a second, incompatible required role",derivations/C0/PRF-PRIM/05_composition_type_check.py
OBJ-014,SOURCE-004,C_Pi[y]  (Persistence Cost Functional),Real-valued functional on trajectories (candidate action functional),"A functional C_Pi: {trajectories y(tau)} -> R, from which a 'Universal Persistence Field Equation' is claimed to follow by a variational (Euler-Lagrange-type) principle.",N/A (functional),functional (variational),calculus of variations,Trajectory space and functional form specified in source (not independently re-derived here),"delta C_Pi[y] = 0 (variational principle, claimed)","OBJ-011 (geometric input), OBJ-006 (spectral input per source)",ADMITTED from source; not independently tested in this repository,ADMITTED,registries/MASTER_DER_REGISTRY.csv DER-VAR-001/002
OBJ-015,SOURCE-004,S_EH,Einstein-Hilbert action,S_EH = integral sqrt(-g) R d^4x (standard GR action); diffeomorphism-invariant scalar functional of g_ab.,N/A (functional),"functional (variational, diffeomorphism-invariant)",general relativity / calculus of variations,g_ab exists (OBJ-011/012),delta S_EH / delta g^ab = 0  =>  G_ab = 0 (vacuum) or G_ab+Lambda g_ab=8 pi G T_ab (with matter),OBJ-012,"Standard GR mathematics (external, not UOC-original); its recovery FROM the spectral/graph substrate is admitted, not independently re-verified here",ADMITTED,registries/MASTER_DER_REGISTRY.csv DER-VAR-004/005; registries/MASTER_EQUATION_REGISTRY.csv
OBJ-016,SOURCE-004,"A_mu, F_mu_nu, D_mu","Principal-bundle connection 1-form, curvature 2-form, covariant derivative","A_mu: connection on a principal G-bundle; F_mu_nu = partial_mu A_nu - partial_nu A_mu + [A_mu,A_nu] (curvature); D_mu = partial_mu + A_mu (covariant derivative on associated bundles).",Lie-algebra-valued 1-form / 2-form,connection / curvature (standard gauge theory),differential geometry / gauge theory,"A gauge group G and principal bundle exist; source claims recovery from L via DER-GAU-001 (from spectral operator, not independently verified here)",F=dA+A^A (Yang-Mills field strength); D_mu F^mu_nu = J^nu (Yang-Mills equations),OBJ-005 (per source's claimed derivation route),"Standard gauge theory (external); the specific claim that A_mu is recoverable FROM a graph Laplacian is admitted from source, not independently re-verified here",ADMITTED,registries/MASTER_DER_REGISTRY.csv DER-GAU-001..004
OBJ-017,SOURCE-004,G_SM=SU(3)xSU(2)xU(1),Compact Lie group (direct product),The Standard Model gauge group as a product of 3 compact simple/abelian Lie groups.,dim=8+3+1=12 (Lie algebra dimension),Lie group,representation theory / particle physics,Claimed to emerge as 'the residual freedom of the discrete graph invisible to the continuum limit' via kernel algebra decomposition (RK-003),"ker(Phi_d) cong Aut_disc(G) semidirect Gauge(P->M) (RK-003, CERTIFIED per source)","OBJ-009 (Aut(G)), a claimed 'kernel algebra' construction not independently re-derived here",Source claims CERTIFIED status for RK-003; NOT independently re-derived or verified in this repository; PRF-PRIM found the GENERATION-COUNT question (N_gen=3) explicitly unresolved (PRF-GEN: 'N_c=3 does not constrain generation count'),ADMITTED (source claims CERTIFIED); generation count component explicitly OPEN,registries/MASTER_THEOREM_REGISTRY.csv RK-003; registries/MASTER_PROOF_REGISTRY.csv PRF-GEN
OBJ-018,SOURCE-004,H (Hilbert space),Complex Hilbert space,Complete inner-product space over C; claimed recovered from Spec(L) via l^2(V) completion / eigenfunction basis.,dim = N (finite graph) or infinite (continuum limit),Hilbert space,functional analysis / quantum mechanics,Spec(L) exists (OBJ-006),"H = l^2(V, mu) with inner product <f,g>=sum_i f_i* g_i mu_i",OBJ-006,"ADMITTED from source; construction is a standard fact once a discrete measure space is given, not independently re-verified here beyond the trivial finite-dimensional case",ADMITTED,registries/MASTER_DER_REGISTRY.csv DER-QR-001
OBJ-019,SOURCE-004,"i hbar d_t|psi> = H|psi>  (Schrodinger), Heisenberg eq., uncertainty",Unitary one-parameter group generated by a self-adjoint operator (quantum dynamics),"U(t)=exp(-iHt/hbar), a UNITARY group (contrast OBJ-007's semigroup, which is a CONTRACTION, not unitary) generated by a self-adjoint Hamiltonian H.",N/A (operator on H),one-parameter unitary group,quantum mechanics,"A self-adjoint Hamiltonian H exists on the Hilbert space OBJ-018 (source claims H is built from Spec(L), i.e. the SAME operator family as the Laplacian, but with i inserted -- U(t)=exp(-iLt) rather than exp(-tL))","i hbar d|psi>/dt = H|psi>; [x,p]=i hbar (commutation relation)","OBJ-005, OBJ-018","CRITICAL DISTINCTION established in this repository (PRF-PRIM, OBJ-007's proof): exp(-tL) (real exponent, a CONTRACTION semigroup) and exp(-iLt) (imaginary exponent, a UNITARY group) are mathematically DIFFERENT operator families with different algebraic properties (det(exp(-tL))->0 vs |det(exp(-iLt))|=1 always). The source's own recovery chain (DER-QR-002) uses the LATTER; PRF-PRIM's falsification of tau=exp(-tL) (OBJ-007) does NOT falsify this object -- they are genuinely different constructions from the same L.","ADMITTED (source claims CERTIFIED); explicitly NOT the same object as OBJ-007, clarified in this repository",registries/MASTER_DER_REGISTRY.csv DER-QR-002..004
OBJ-020,SOURCE-004,Born rule: p_i=|<i|psi>|^2,Probability measure derived from a quantum state (postulate in standard QM),A map from unit vectors in Hilbert space to probability distributions over an orthonormal basis.,N/A (measure),probability measure,quantum mechanics / measure theory,"Standard QM treats this as a SEPARATE POSTULATE, not derived from unitary dynamics alone",p_i = |<i|psi>|^2,"OBJ-018, OBJ-019",Explicitly registered as an OPEN proof obligation in the source corpus itself (PRF-BORN: 'R-invariant measure on Pi is unique and equals |psi|^2. Existence outlined; Gleason's theorem approach not yet executed.') -- NOT independently derived anywhere in the corpus or in this repository,OPEN,registries/MASTER_PROOF_REGISTRY.csv PRF-BORN
OBJ-021,SOURCE-004,S=k_B ln W,Boltzmann entropy (log of microstate count),Standard statistical-mechanics entropy definition given a microstate-counting function W.,scalar,scalar functional of a probability/counting measure,statistical mechanics,A well-defined microstate count W exists for the system,S=k_B ln W; dU=delta Q - delta W (first law); dS>=0 (second law),A state-counting construction (source: DER-TRC-001 internal energy from PRIM-P-001 Energy),"Standard thermodynamics (external, not UOC-original); ADMITTED from source",ADMITTED,registries/MASTER_DER_REGISTRY.csv DER-TRC-001..005
OBJ-022,SOURCE-004,Pi_O (Organizational Persistence Functional),"Proposed functional in [0,1] characterizing a system's degree of persistence","A functional Pi_O = f(sigma, C, Spec(L)) intended to unify the thermodynamic (entropy-production sigma) and spectral (Spec(L)) pictures of persistence.","scalar in [0,1]","functional (proposed, not yet constructed)",proposed unification of thermodynamics and spectral graph theory,"A coupling equation between entropy production and spectral quantities exists (proposed, not executed per source)","Pi_O = f(sigma, C, Spec(L))  (functional form NOT specified in recovered source text)","OBJ-006, OBJ-021 (proposed)",Explicitly registered as an OPEN proof obligation (PRF-PiO: 'Coupling equation proposed; stationary distribution of Fokker-Planck equation approach outlined but not executed.'),OPEN,registries/MASTER_PROOF_REGISTRY.csv PRF-PiO; registries/MASTER_DER_REGISTRY.csv DER-ORG-007/DER-TRC-006
OBJ-023,SOURCE-004,"dim ker(L)=c, rank(L)=N-c",Rank-nullity relation for a graph Laplacian (linear algebra identity),dim ker(L) = c := number of connected components of G; rank(L)=N-c by the rank-nullity theorem applied to the self-adjoint operator L.,integers,linear-algebra identity (theorem),linear algebra / spectral graph theory,Finite graph,rank(L) = N - c,OBJ-005,"Reproduced exactly for K4 (rank=3, matches corpus) and K3,3 (rank=5, matches corpus); extended and verified on 9 total families spanning connected, disconnected, and degenerate-spectrum graphs",CALCULATED,calculations/C0/PRF-PRIM/output/laplacian_results.json; registries/MASTER_COSMO_DYN_RESULTS.csv COSMO-BRIDGE-003
OBJ-024,SOURCE-004,N_bulk = Tr(I-P_ker(L)) = rank(L),Trace of the complementary projector (a scalar spectral invariant),"N_bulk := Tr(I - P_ker(L)); since P_ker(L) is an orthogonal projector of rank c, Tr(I-P_ker(L)) = N-c = rank(L) (a restatement of OBJ-023, not a new independent fact).",integer,scalar (trace of an operator),linear algebra,OBJ-008 exists,N_bulk = Tr(I-P_ker(L)) = rank(L) = N-c,"OBJ-008, OBJ-023","Follows immediately once OBJ-023 and OBJ-008 are established; corpus's own K3,3 claim (N_bulk=5) matches this repository's independent computation",CALCULATED,registries/MASTER_COSMO_DYN_RESULTS.csv COSMO-BRIDGE-004
OBJ-025,SOURCE-004,"L(a)=a^-2 L_0,  dlambda_n/dt=-2H lambda_n",Scale-dependent rescaling of the spectrum under an assumed cosmological scale factor a(t),"A proposed rule relating the graph Laplacian's spectrum to cosmic scale factor evolution -- L (hence its eigenvalues) rescale as a^-2 with an assumed FLRW-type scale factor a(t), giving eigenvalue flow lambda_n(t) proportional to a(t)^-2, hence dlambda_n/dt=-2H lambda_n where H=da/dt/a.",scalar flow equation,ODE for a spectral quantity coupled to an assumed external geometric input (a(t)),proposed spectral cosmology,An FLRW-type scale factor a(t) and its associated Hubble rate H ALREADY EXIST as external structure -- this is NOT derived from the graph/spectral substrate alone; the graph spectrum is POSTULATED to couple to it via the a^-2 rescaling rule,L(a)=a^-2 L_0; dlambda_n/dt = -2 H lambda_n,"OBJ-005, OBJ-006, and an assumed external FLRW background","ADMITTED from source, NOT independently re-derived; flagged here because the rescaling rule ASSUMES rather than derives the existence of a(t)/H -- this is a genuine gap for the independent reconstruction (see PHASE_0_REPORT.md)",ADMITTED (CANDIDATE coupling rule -- the postulated a^-2 scaling is not itself derived from L),registries/MASTER_COSMO_DYN_RESULTS.csv
OBJ-026,SOURCE-004,"H^2=Lambda/3,  rho_vac -> H -> a(t)","Friedmann-equation-type relation (standard GR/cosmology, external)","Standard cosmological relation between Hubble rate, vacuum energy density, and cosmological constant, in the vacuum-dominated limit.",scalar,ODE / algebraic relation (standard FLRW cosmology),general relativity / cosmology,"FLRW metric ansatz (external, standard GR input, NOT derived from the graph substrate)",H^2 = (8 pi G/3) rho_vac = Lambda/3,External FLRW ansatz; rho_vac claimed sourced from spectral vacuum energy (not independently re-derived here),"Standard GR mathematics (external, admitted); the CONNECTION from spectral vacuum energy density to rho_vac is admitted from source, not independently re-verified","ADMITTED (standard equation is EXTERNAL/textbook; the spectral-to-rho_vac bridge is a UOC claim, not independently verified)",registries/MASTER_COSMO_DYN_RESULTS.csv
OBJ-027,SOURCE-004,"Xi_UOC, Lambda_cosm, horizon heat-trace / Bekenstein-Hawking normalization",Proposed dimensionless cutoff/normalization ratio connecting spectral cutoff to horizon thermodynamics,A proposed relation C_H/alpha=pi normalizing a horizon heat-trace quantity against the standard Bekenstein-Hawking area law; downstream numeric target Xi_UOC ~ 6.50e-31.,dimensionless,proposed normalization constant / ratio,proposed spectral horizon thermodynamics,"A horizon projector/selector P_H exists and is independent of representation/refinement (EXPLICITLY UNRESOLVED per source's own SEL-008: 'Unique horizon selector, P_H independent of representation/refinement, C7, OPEN')","C_H/alpha = pi (claimed, OPEN NORMALIZATION per source's own governance rule C7-003)","OBJ-008, OBJ-011, external Bekenstein-Hawking formula (S_BH=k_Bc^3A/4Ghbar, itself EXTERNAL/admitted)","Source's OWN governance rule (registries/MASTER_CURRENT_CHAT_CANONICAL_RULES.csv, C7-003) explicitly classifies this as 'OPEN NORMALIZATION': 'Derive or classify convention/free/no-go.' NOT independently re-derived in this repository.",OPEN,registries/MASTER_CURRENT_CHAT_CANONICAL_RULES.csv C7-003; registries/MASTER_PREDICTIONS.csv PRED-004
OBJ-028,SOURCE-004,"c, hbar, G, e, k_B, eps_0, mu_0","Dimensionful physical constants (fundamental, per current physics)","Measured constants of nature; source registers each as candidate fixed points of 'Seeley-DeWitt coefficient ratios' (c=f_1(rho_k), G=f_2(rho_k), hbar=f_3(rho_k)) but the functions f_k are NOT computed anywhere in the corpus.","Various (velocity, action, etc.)",dimensionful scalar constants,physics (measured),"A Seeley-DeWitt heat-kernel expansion of some operator (presumably L or D) exists and its coefficient ratios equal these constants -- PURELY PROPOSED, no explicit computation found anywhere in the ingested corpus","c=f_1(rho_k), hbar=f_3(rho_k), G=f_2(rho_k)  (f_k never specified)",A Seeley-DeWitt expansion of OBJ-005 or OBJ-010 (not constructed),"Every entry in registries/MASTER_CONSTANT_REGISTRY.csv carries status CANDIDATE, not DERIVED -- confirmed by direct inspection; no numeric derivation exists anywhere in the corpus",CANDIDATE (all entries; none derived),registries/MASTER_CONSTANT_REGISTRY.csv PHYS-001..010
OBJ-029,SOURCE-004,alpha = e^2/(4 pi eps_0 hbar c),Dimensionless coupling ratio (fine-structure constant),"A DERIVED dimensionless ratio of 4 other constants (e, eps_0, hbar, c), IF those 4 are taken as independent inputs.",dimensionless,derived dimensionless ratio,physics,"e, eps_0, hbar, c are independently given (circular if OBJ-028 is itself unresolved)",alpha = e^2/(4 pi eps_0 hbar c) ~ 1/137,OBJ-028,"Purely definitional arithmetic once the 4 inputs are known; source flags 'AUDIT REQUIRED' since the input constants are themselves CANDIDATE, not established",ADMITTED (arithmetic identity); underlying inputs CANDIDATE,registries/MASTER_CONSTANT_REGISTRY.csv PHYS-009
OBJ-030,SOURCE-004,R: Graph_ARBS -> Field(M)  (Recovery functor),Covariant functor between a category of graphs and a category of fields on manifolds,"A functor R claimed to be well-defined independent of graph approximation sequence, functorial (R(id)=id, R(g.f)=R(g).R(f)), monoidal (R(G sqcup H) cong R(G) tensor R(H)), faithful and conservative but not full/essentially surjective.",N/A (categorical),functor (category theory),"category theory / geometric analysis (Mosco convergence, Gromov-Hausdorff, Trotter-Kato)",Mosco convergence + Gromov-Hausdorff convergence + Trotter-Kato theorem apply to the graph-to-continuum limit sequences considered,R(id_G)=id_R(G); R(g.f)=R(g).R(f); R(G sqcup H) cong R(G) tensor R(H),"OBJ-011 (continuum limit), external convergence theorems (Kato's Representation Theorem, Mac Lane Coherence Theorem)","Source claims these 5 theorems (RF-001..005) as CERTIFIED; NOT independently re-derived or re-verified in this repository; SOURCE-010 (a different corpus document) explicitly disputes ARBS's canonical status ('LEGACY ONLY... not canonical') -- see results/reconciliation/CONFLICTS_AND_VERSION_RESOLUTION.md CONFLICT-001, UNRESOLVED",ADMITTED (source claims CERTIFIED); CANONICITY DISPUTED between sources,registries/MASTER_THEOREM_REGISTRY.csv RF-001..005
OBJ-031,External (standard physics),S_BH = k_B c^3 A / (4 G hbar),"Bekenstein-Hawking black-hole entropy formula (standard, external)","Standard formula assigning entropy proportional to horizon area; rigorously derived in semiclassical QFT-on-curved-background (Hawking 1974), NOT a UOC-original result.",scalar (entropy),"scalar formula (external, admitted)",black hole thermodynamics,Semiclassical gravity (external validity regime),S_BH = k_B c^3 A / (4 G hbar),External (not derived from any corpus object),"Well-established external physics (Bekenstein 1973, Hawking 1974); source_records/documents/Theory_of_Everything_Status_Report.docx confirms this is externally CERTIFIED mainstream physics, not internally derived by any project in this corpus","ADMITTED (external, well-established)",source_records/documents/Theory_of_Everything_Status_Report.docx Section VII
OBJ-032,SOURCE-004,VAL-005 (Hamiltonian Mechanics recovery),Hamiltonian formulation of classical mechanics (state space + Hamiltonian + Poisson structure),"Standard classical-mechanics structure (phase space, Hamiltonian H(q,p), Hamilton's equations, Poisson bracket); source claims this is recovered as a specific limit/validation branch, dependencies DER-VAR-003 (Legendre transform) + DER-QR-001 (Hilbert space).",2n-dimensional phase space (n=#degrees of freedom),symplectic manifold + Hamiltonian dynamics,classical mechanics,A Legendre transform of the persistence cost functional (OBJ-014) exists,"dq/dt=dH/dp, dp/dt=-dH/dq; {f,g} Poisson bracket","OBJ-014 (via Legendre transform, per source)",Source lists VAL-005 as CERTIFIED (specific-limit recovery); this is the ONLY explicit classical-mechanics content found anywhere in the ingested corpus -- no independent Lagrangian/Poisson-bracket construction was found or re-derived here,ADMITTED,registries/MASTER_DER_REGISTRY.csv VAL-005
OBJ-033,"SOURCE-004 (UCG Spec, T0-T20 hierarchy)","T0-T20 (Potential Space, Difference, Distinction, Identity, Boundary, State, Relation, Interaction, Transformation, Constraint, Selection, Organization, Persistence, Memory, Feedback, Adaptation, Emergence, Hierarchy, Evolution, Cross-Scale, Universality)",A 21-tier sequence of increasingly structured mathematical objects (set -> metric space -> partition -> subset -> boundary -> point -> relation -> derivative coupling -> map -> constraint set -> variational selection -> graph -> correlation -> convolution -> feedback loop -> gradient flow -> emergent quotient -> nested projection -> trajectory -> partial trace -> fixed point),"Each tier is given an explicit formal definition in source (e.g. T2 Distinction: projection D:S_0->{0,1}; T9 Constraint: C(y)=0; T12 Persistence: non-vanishing correlation lim_tau <O_G(tau_0),O_G(tau)> > 0; T20 Universality: fixed-point termination lim R^n(T_domain)=T*).",Varies per tier,graded sequence of distinct mathematical object types (NOT a single object),cross-cutting (this is itself a candidate for 'recurring structure' -- see Phase 4),"Presented as a hierarchy but the SOURCE ITSELF does not prove each tier is derivable from the previous one -- it is a descriptive taxonomy, not a proof chain","See individual tier definitions (T2, T8, T9, T12, T20 quoted above)",None established between tiers beyond narrative ordering,"ADMITTED narrative taxonomy from source (UDP v2.0 Phase 0 Registry A); NOT independently tested as a derivation chain in this repository. Notably T12's Persistence definition (autocorrelation limit) is DIFFERENT from and more concrete than PRIM-G-004's Persistence definition (kernel of an invariant operator) -- these are two different formal definitions of the same word in the SAME source document, never reconciled (see derivations/C0/PRF-PRIM/01_primitive_systems_recovery.py supplementary_context)","ADMITTED (taxonomy only, not a proof chain); two competing formal definitions of 'Persistence' within this single source, unreconciled",source_records/spreadsheets/UOC_ToE_Canonical_Bridge_Closure_Execution_v2.0/03_RAW_DOC_TABLES.csv Table 14
OBJ-GAP-001,N/A -- absence noted,N/A,GAP: no independent Lagrangian mechanics / Poisson-algebra construction,"No corpus document constructs a Lagrangian L(q,qdot), a Poisson bracket algebra, or Noether's-theorem-style symmetry/conservation-law machinery from first principles. The ONLY classical-mechanics content found (OBJ-032) is a single validation-branch CLAIM that Hamiltonian mechanics is recoverable, with no shown construction of the Poisson bracket itself.",N/A,GAP MARKER,classical mechanics,N/A,N/A,N/A,Full-corpus search performed; no Poisson-bracket or Noether-theorem construction found anywhere in registries/ or source_records/,OPEN (absence),N/A
OBJ-GAP-002,N/A -- absence noted,N/A,"GAP: no dark matter, dark energy (beyond Lambda), or inflation construction","No corpus document proposes or derives a dark-matter candidate, an inflaton field/mechanism, or any dark-energy structure beyond the bare cosmological constant Lambda appearing in OBJ-026. Confirmed already in Phase-1 domain audit (domains/dark_matter/README.md, domains/inflation/README.md).",N/A,GAP MARKER,cosmology,N/A,N/A,N/A,"Confirmed absent in Phase-1 domain audit and re-confirmed by this phase's search of SOURCE-010's own 01_TOE_BENCHMARK (TOE-011: cosmology status 'Open', no internal candidate offered)",OPEN (absence),N/A
OBJ-GAP-003,N/A -- absence noted,N/A,GAP: no independent quantum-gravity bridge construction beyond the proposed spectral/NCG route,"Phase 8 of this experiment asks for the minimum mathematical requirement bridging quantum theory and dynamical geometry, without assuming NCG/spectral-triple, string theory, or LQG. The corpus contains exactly ONE candidate route (spectral triple (A,H,D), OBJ-010) and explicitly REJECTS its own naive constructions (ATT-010). No alternative route (e.g. an independently-motivated symplectic/covariant-phase-space quantization of OBJ-011's geometry) was found anywhere in the corpus.",N/A,GAP MARKER,quantum gravity,N/A,N/A,"OBJ-010, OBJ-011, OBJ-018",Full-corpus search performed,"OPEN (single candidate route only, itself partially rejected by its own source)",N/A
